{"2.0,-177.0": [[-22.54138433000019, -132.22600777189086]], "2.0,-178.0": [[-29.94590824381249, -68.07870192963605]], "2.0,-179.0": [[68.20461123159838, 57.32954394656531]], "0.0,33.0": [[-366.06256609566515, -673.2198990594043]], "0.0,32.0": [[-57.337096492069136, -484.55080316000476]], "-2.0,32.0": [[-501.3993991712213, -708.2974678814935]], "0.0,31.0": [[-23.502709510771822, -535.8626158919435]], "-7.0,-3.0": [[-29.953839587485653, 270.42611398903205]], "-3.0,-3.0": [[922.8737441818504, 150.16752827742152]], "-6.0,-3.0": [[103.73218218823332, 186.64359660954233]], "-5.0,-3.0": [[331.4124266949872, 31.97620671150503]], "-2.0,-3.0": [[1000.0, 3.4582049695188743]], "-5.0,-4.0": [[-201.49898279094901, -6.085585257750381]], "-5.0,-5.0": [[-385.5382948659329, -51.71437885908858]], "0.0,-27.0": [[-139.1057912547381, 13.944218844500256]], "1.0,-27.0": [[35.80790818498802, 67.89841968040378]], "2.0,-27.0": [[349.06820623360943, 130.17158755337732]], "3.0,-27.0": [[424.91005880717324, 100.94603465674368]], "4.0,-27.0": [[580.9176612402132, 67.67396183795427]], "5.0,-27.0": [[557.9256281551866, 59.10278970981153]], "0.0,78.0": [[-53.72063015329406, 77.83257974767821]], "0.0,77.0": [[-78.27920455891902, -524.520757968503]], "0.0,76.0": [[-25.707724882920335, -669.249144973719]], "1.0,76.0": [[-86.48967001704588, -280.54445402841566]], "2.0,76.0": [[123.20210732672199, -146.82636959690853]], "1.0,75.0": [[-296.72730109772874, -224.13404287189564]], "2.0,75.0": [[-86.86972680509442, 45.37161530782896]], "3.0,75.0": [[1.281864195302962, 53.95723018330045]], "4.0,74.0": [[84.46837020725128, -165.18266238580281]], "4.0,73.0": [[705.9006610941902, 54.7827786397761]], "0.0,74.0": [[-370.783532367851, 215.66672623134764]], "0.0,73.0": [[-374.88822422086264, -64.70203532796859]], "1.0,73.0": [[-178.56233926347076, -61.64696555475757]], "1.0,74.0": [[-62.58555433809998, -11.104290031823894]], "3.0,74.0": [[277.9421173304497, 20.88180088247782]], "2.0,73.0": [[-120.9029321339541, -27.425546039467008]], "0.0,-58.0": [[-166.6376177736546, 74.8097454510912]], "0.0,-59.0": [[-86.60065298948993, -157.95317914924567]], "0.0,-60.0": [[-58.07570182972466, -212.89073881015952]], "0.0,-61.0": [[52.218413587939324, -221.50360115486478]], "0.0,-62.0": [[19.23483462798575, -245.14190739886033]], "0.0,-63.0": [[-122.66741022803163, -315.5825700041248]], "1.0,-63.0": [[5.266069330965406, -317.24519676018303]], "1.0,-64.0": [[-60.55511409655012, -258.96735543787486]], "3.0,-64.0": [[-7.010536096934139, -282.94753044943377]], "4.0,-65.0": [[151.74332621041265, -438.1117906178531]], "0.0,-163.0": [[-193.20239775266447, 498.7108573866408]], "0.0,-164.0": [[-6.867398694314186, -624.3129651281265]], "0.0,-165.0": [[-37.96161532820158, -81.37452774948883]], "-1.0,-164.0": [[-341.5579967166942, 571.519773147628]], "1.0,-163.0": [[1.3195109322676757, 652.5935242931666]], "1.0,-164.0": [[-19.414071950247802, 361.83986562988935]], "2.0,-165.0": [[26.443595091539372, -130.2045926533708]], "2.0,-166.0": [[154.44787658237846, -341.75621414863144]], "3.0,-166.0": [[174.2250809224255, -424.60364216447033]], "4.0,-166.0": [[346.2810097693181, -635.3711361985859]], "6.0,-167.0": [[621.7357032201556, -853.2598340506752]], "7.0,-167.0": [[920.2050989562678, -731.2126777399897]], "8.0,-167.0": [[1000.0, -750.6945851772002]], "0.0,178.0": [[-130.99981269631738, -3.209684196121998]], "0.0,179.0": [[22.146392744268358, 96.21060184690577]], "0.0,180.0": [[29.47687045403574, 108.31770757590675]], "1.0,180.0": [[-28.01591744452314, -1000.0]], "2.0,-180.0": [[-374.21642360600595, -21.423529566220623]], "3.0,-180.0": [[-51.903189469458596, -33.44366445745095]], "4.0,-180.0": [[109.10009935104314, -219.4914477030636]], "10.0,88.0": [[-349.01499513650333, -96.83920332281559]], "11.0,88.0": [[-103.06818910015281, 15.656037649193877]], "12.0,88.0": [[63.796531937251544, 15.097638155566528]], "13.0,88.0": [[-428.6201871518056, -39.20180548271901]], "14.0,88.0": [[-112.2084705567108, -45.42940517603711]], "11.0,86.0": [[-53.117352635268844, -262.45427557614676]], "16.0,86.0": [[1000.0, -490.78696406758127]], "11.0,-110.0": [[-164.5247157251255, 51.53628963964252]], "11.0,-111.0": [[-217.3332501765035, -169.5484929554567]], "11.0,-109.0": [[-36.35403468854115, 248.7574350304982]], "11.0,-108.0": [[-39.14374622002725, 264.5593919724405]], "12.0,-108.0": [[-525.6479781263898, -214.48664773936343]], "13.0,-108.0": [[-283.6858416418391, -81.09786155273468]], "14.0,-108.0": [[-132.24589122407872, -31.038680894937443]], "15.0,-108.0": [[79.27897168225506, -89.2874044539127]], "19.0,-110.0": [[528.4841835685974, -223.59818655581876]], "20.0,-110.0": [[693.7802661823689, -170.99832984797558]], "0.0,98.0": [[-23.962700547116466, -391.3692764483585]], "0.0,100.0": [[-40.45585675352817, -715.7790636849768]], "0.0,102.0": [[-44.41150869740601, 100.87521576008385]], "0.0,103.0": [[-92.57854402650656, 105.33711629676645]], "0.0,101.0": [[-72.36245704210143, -551.0567637048212]], "1.0,94.0": [[-259.759149719182, 83.9123118379348]], "0.0,94.0": [[-19.739502327912746, -636.084478514249]], "2.0,94.0": [[19.95184046249454, 183.10270888184732]], "0.0,139.0": [[-596.2074476441435, -1000.0]], "-1.0,140.0": [[-650.5972179319639, -696.516713336564]], "-1.0,139.0": [[-598.4493079778518, -62.83609796332712]], "-1.0,141.0": [[-240.07591886350343, 519.4986462141742]], "-1.0,142.0": [[-278.79938278916063, 591.6404456179407]], "0.0,143.0": [[-252.14091816426222, 339.0077684437074]], "0.0,144.0": [[141.64173641956324, -422.434131600653]], "0.0,145.0": [[-40.9058450373393, 1000.0]], "1.0,146.0": [[5.505381347758576, 392.3918729867637]], "1.0,147.0": [[-137.26789202399937, 133.06198582188244]], "2.0,146.0": [[-43.15109629564162, -94.39656239686656]], "3.0,145.0": [[109.7332714983601, -322.32163727246643]], "4.0,145.0": [[156.65894388400625, -341.8788311512344]], "4.0,144.0": [[221.6163294496276, -319.25553721970346]], "5.0,144.0": [[100.51521840981081, -237.29495300335657]], "6.0,143.0": [[269.94508105376445, -400.1241300397851]], "28.0,-10.0": [[-655.421250488903, -36.64283813742486]], "29.0,-10.0": [[-361.039224072087, -253.8689172383215]], "29.0,-9.0": [[525.8022532801085, 35.70860672260778]], "28.0,-9.0": [[136.90792633533633, 1.4435567013038053]], "27.0,-9.0": [[-907.7660530019642, -109.19700375978891]], "26.0,-10.0": [[-324.3407979662401, -53.74552682570766]], "27.0,-10.0": [[-1000.0, -225.65867212736634]], "29.0,-11.0": [[-346.6763663574568, -245.08847435851067]], "27.0,-11.0": [[-724.0848158341784, -92.87483152508003]], "30.0,-11.0": [[158.45599347669648, -116.72637844620226]], "31.0,-11.0": [[292.42037830478296, -97.48620216646486]], "-8.0,170.0": [[-170.81972778682086, -342.65353299224444]], "-8.0,171.0": [[-95.85937520961264, -121.5489301538355]], "-7.0,171.0": [[122.72111194930879, 108.12815781059726]], "-6.0,171.0": [[104.48344631078399, 63.7414959045941]], "-5.0,171.0": [[32.14551339384197, 57.2374000387299]], "-4.0,172.0": [[18.4871804713449, 162.09372329763028]], "-5.0,172.0": [[-475.89254741414646, 38.216945734063756]], "-6.0,172.0": [[-558.0464238243454, 11.33589415417191]], "-4.0,173.0": [[25.470976224033492, 236.14373677787626]], "-3.0,172.0": [[199.86122547656348, -93.18969653571685]], "-5.0,173.0": [[-497.59095333542103, 111.48694724653296]], "0.0,-101.0": [[107.68685660026226, 218.88039484983324]], "0.0,-100.0": [[-28.938452350896206, 249.57456340968065]], "0.0,-99.0": [[14.880196730047036, -181.1462753745019]], "1.0,-98.0": [[114.54185267446837, 172.34671291801362]], "0.0,-98.0": [[-32.744978939069505, 51.492605976505956]], "-26.0,175.0": [[-96.83978191807796, -768.9870160793362]], "-26.0,174.0": [[-113.08196684437632, -849.7169969926972]], "-26.0,173.0": [[-64.50540678210714, -945.2016598902446]], "-27.0,173.0": [[-80.71823544176482, -945.613463439372]], "-27.0,172.0": [[-21.907566347508123, -569.4097752264611]], "-26.0,172.0": [[-68.03257180776612, 125.89943691648386]],