{"1.0,171.0": [[0.20624294667855048, -0.10317060886222862]], "0.0,-158.0": [[0.05380643591276074, 0.006511935140537162]], "1.0,-158.0": [[-0.04769152006831723, -0.054735500293048744]], "0.0,-159.0": [[0.09542387151173015, 0.13213015296926756]], "2.0,-159.0": [[0.1331487059833365, -0.0072361695773963675]], "3.0,-159.0": [[0.4221345710135478, -0.03109880552761979]], "0.0,-144.0": [[0.07950483434243205, -0.04436812214143515]], "0.0,-141.0": [[0.055904277827083376, -0.09374069396312734]], "2.0,-141.0": [[0.09042876987856574, 0.03230783448140073]], "0.0,-96.0": [[-0.062165708337766135, -0.051348908733729104]], "1.0,-88.0": [[-0.030612350027311552, 0.1482347914878801]], "2.0,-88.0": [[0.12713816863790628, 0.16078885730061643]], "0.0,-37.0": [[-0.22310328372191646, 0.06933868611019989]], "0.0,3.0": [[-0.07823998683358013, 0.048381735320759844]], "1.0,3.0": [[-0.10166185746585565, -0.010265251096797101]], "2.0,3.0": [[0.16980151229548923, 0.07571421183396865]], "3.0,3.0": [[0.17610602578647283, 0.0013028434279647172]], "1.0,13.0": [[0.20307230234376022, -0.007445935085854671]], "0.0,31.0": [[-0.2194318608267194, -0.11526987406986677]], "1.0,31.0": [[-0.00463655522661699, -0.12303667769404569]], "1.0,71.0": [[0.07615949866589233, -0.024971877122652586]], "3.0,71.0": [[0.4416137089888317, -0.04751341404494269]], "4.0,71.0": [[0.4009270447480868, -0.05154991577427381]], "1.0,77.0": [[0.19485891863745713, -0.1415095922354226]], "0.0,88.0": [[-0.06299463073881562, -0.023808591079273356]]}