{"0.0,173.0": [[-26.266390782783976, -60.04609698948116]], "1.0,173.0": [[72.41088582337468, -50.921555662114315]], "1.0,172.0": [[14.794890427043184, 96.20075521854687]], "2.0,173.0": [[166.83443351495498, 47.04897696893795]], "3.0,173.0": [[193.5787811719476, -33.05910066148954]], "4.0,173.0": [[232.54891940242527, 4.666023375079931]], "0.0,155.0": [[7.71082672923901, -59.20078181645749]], "1.0,155.0": [[-53.78475331016141, -76.40879232178577]], "2.0,155.0": [[95.40043047905789, -25.935003161976056]], "3.0,155.0": [[160.7009457083297, -15.411577186341674]], "4.0,155.0": [[348.6788546513275, -80.59686742171834]], "0.0,110.0": [[66.89075488588317, -102.34508059636482]], "0.0,117.0": [[-58.39632658234051, 17.389085746913224]], "1.0,117.0": [[-53.21773703668764, 11.764844921572148]], "2.0,117.0": [[-94.10019236194023, 43.4824074405924]], "3.0,117.0": [[79.33176128580533, -38.88034448345934]], "0.0,119.0": [[-61.97786050946769, -41.23587780213711]], "1.0,119.0": [[54.72429058006445, -32.45341820689873]], "0.0,99.0": [[-57.82790288110415, -2.7949539825158354]], "1.0,99.0": [[29.90865292470124, -93.03342187831731]], "0.0,98.0": [[-472.4246054700896, -234.90666439806773]], "0.0,96.0": [[10.24853994640619, -55.959275274176434]], "0.0,89.0": [[-64.58626025785694, 8.45738338512092]], "1.0,89.0": [[-73.73175347797512, -44.05812717988056]], "0.0,81.0": [[-201.49182523553444, -56.29936773038935]], "0.0,68.0": [[-19.613464886024666, -92.71045856979754]], "1.0,68.0": [[-107.99669974054027, -85.0396279597021]], "2.0,68.0": [[194.224085426532, 6.011260703076005]], "0.0,63.0": [[58.079527016893365, 39.38866671975916]], "0.0,25.0": [[-78.79636756077002, 23.153817096527973]], "1.0,25.0": [[-113.76850820015693, 2.7478522746662293]], "2.0,25.0": [[-112.12042726148286, 0.10026949556163345]], "3.0,25.0": [[128.30776314478243, -111.38222775488771]], "0.0,35.0": [[26.55919031777535, 51.17414534683462]], "1.0,35.0": [[96.95346150940077, -20.347109228680438]], "0.0,52.0": [[35.19504110457038, -78.55021867337086]], "0.0,51.0": [[54.60345069679823, -0.6251800431869015]], "1.0,51.0": [[169.8003637560096, -32.999297589839216]], "2.0,51.0": [[132.78830364549, -53.68167561519499]], "0.0,57.0": [[24.90702847996007, -90.78153423135404]], "0.0,171.0": [[-181.37375961577217, 80.03853073375922]], "0.0,-148.0": [[-69.74702457828307, -72.65420341460072]], "1.0,-148.0": [[-55.36173282835699, 4.94612858722121]], "2.0,-148.0": [[-72.29949167093075, 57.5175216255559]], "3.0,-148.0": [[72.21693128336648, -24.028749409097827]], "-1.0,-156.0": [[-32.11249905445468, 93.77327953575332]], "0.0,-156.0": [[106.3023200357752, -37.869949072842246]], "1.0,-157.0": [[109.81319130807451, -105.84119539888093]], "0.0,-149.0": [[-50.05415357580706, -63.27297439148083]], "1.0,-149.0": [[-141.86573938801894, 72.23154551692801]], "2.0,-149.0": [[-184.64481331533955, 68.86234708542815]], "3.0,-149.0": [[142.1472592079227, 8.351778086449713]], "0.0,-126.0": [[11.834925412553709, -56.68681495785677]], "1.0,-126.0": [[-67.61741973610403, -62.78705881462088]], "2.0,-126.0": [[-78.44321237746277, 41.40943727631452]], "3.0,-126.0": [[91.25483903846288, -2.299411725360301]], "0.0,-128.0": [[-21.07174400440935, -72.09322550285435]], "0.0,-104.0": [[-63.06023531310437, 1.632482011913794]], "1.0,-104.0": [[-144.21949282820435, 61.924814661722394]], "2.0,-104.0": [[-45.24815820090255, 74.71485589134375]], "0.0,-88.0": [[-50.13839931663885, -54.14024581027377]], "0.0,-89.0": [[6.887170680200006, -78.82365135142777]], "1.0,-89.0": [[115.5236486606842, -24.206589371132736]], "2.0,-89.0": [[218.50082564565042, -11.672904882274793]], "-1.0,-76.0": [[-324.39339466115075, -118.51789426826542]], "-1.0,-77.0": [[-338.80753833265373, 30.142995826892616]], "0.0,-77.0": [[-119.5131985724336, 23.595868235062767]], "1.0,-78.0": [[218.90682041987958, 2.5289531457133307]], "3.0,-78.0": [[558.1406172284007, -2.1887424819766466]], "0.0,-79.0": [[-73.63699751763042, -222.559034108869]], "1.0,-79.0": [[7.332831427652509, -279.0335599207481]], "0.0,-81.0": [[81.12711336540113, 14.589978531049042]], "0.0,-82.0": [[-52.06446722670624, -54.47812931035401]], "1.0,-82.0": [[-83.47175623892733, -32.73525589139581]], "2.0,-81.0": [[69.08044578474536, 39.36099968248641]], "0.0,-68.0": [[9.647848076457862, -59.53406497471292]], "1.0,-68.0": [[-69.59059954432156, -67.52776234952762]], "2.0,-68.0": [[56.36597203253957, -48.740992265706495]], "0.0,-34.0": [[-59.71168925096884, -119.3984896347331]], "1.0,-34.0": [[132.6972604998955, -146.24656321913676]], "1.0,-35.0": [[150.88346684727549, -126.57966881823768]], "2.0,-35.0": [[391.63329783368573, -105.62823723066117]], "0.0,55.0": [[-68.9805283645682, -35.72163771838177]], "1.0,55.0": [[-81.02489118629374, -54.87158864576713]], "2.0,55.0": [[-134.15218973399055, 16.228507992252617]], "3.0,55.0": [[25.833548334619927, -58.97128424874154]], "0.0,85.0": [[53.4980855353972, -88.98742665337522]], "0.0,84.0": [[-55.779197844037235, 48.954197812349776]], "1.0,84.0": [[-59.166465515989145, 1.2489415099707912]], "2.0,84.0": [[64.62782749574968, 16.40111972176328]], "3.0,84.0": [[56.13129852390975, -61.308702047881525]], "0.0,114.0": [[-75.74196905663078, -32.96675821422923]], "1.0,114.0": [[-134.4181563946304, -12.225134736581822]], "2.0,114.0": [[159.9613461865197, 27.86712666124913]], "3.0,114.0": [[151.96066875830593, -17.671124271032568]], "0.0,144.0": [[-25.351265584135056, -77.32022266714011]], "1.0,144.0": [[49.25916819545706, 66.15168045539122]], "2.0,144.0": [[54.24482879076153, 19.383782633155988]], "3.0,143.0": [[315.2035736533563, -60.79383209197431]], "4.0,143.0": [[289.7753683560147, -40.14873337507652]], "6.0,144.0": [[619.6449531499302, 55.294542146612]]}