{"2.0,-122.0": [[-462.21431933307275, 70.52515025900163]], "4.0,-122.0": [[67.00689729096166, -125.00963810870758]], "4.0,-121.0": [[20.567864419176907, 71.81985414888459]], "0.0,159.0": [[-202.40262062266024, -202.66808103832545]], "0.0,160.0": [[-78.83236628354226, -124.3773037357414]], "0.0,162.0": [[-57.2850906055114, -60.456768178255516]], "0.0,161.0": [[127.49897117710677, 44.48275542506508]], "0.0,164.0": [[-29.429635802051408, -52.3791815446657]], "0.0,165.0": [[45.93387297617377, 64.80924561640222]], "-1.0,162.0": [[-51.4257996462511, -65.71761176746804]], "-2.0,162.0": [[-50.75421425438953, -198.60579859681593]], "-2.0,161.0": [[-29.53515351091518, -157.26517453026645]], "-2.0,159.0": [[-155.99808246624747, -417.0853442414]], "-6.0,157.0": [[42.72599324107418, 197.80466881087477]], "-6.0,158.0": [[74.70588250076293, 125.66198225090375]], "-5.0,158.0": [[112.34908211991535, 12.144249444759225]], "1.0,161.0": [[177.08470869768018, 70.85843118994717]], "-7.0,153.0": [[-15.599327820750908, -128.8759638779311]], "-7.0,154.0": [[210.20079237941934, -102.07830052036115]], "-7.0,155.0": [[22.076987888321575, -54.640408146667596]], "-7.0,152.0": [[-14.58492409900547, -107.18439462561946]], "-7.0,156.0": [[-71.27616158401207, -21.43131656339392]], "-8.0,153.0": [[-132.90633246659934, -366.2056526808328]], "-8.0,154.0": [[28.964985301101365, 58.6118057474323]], "-8.0,155.0": [[126.8455288911774, 19.60296600896072]], "-6.0,154.0": [[316.9549644178495, 21.1077574290357]], "-5.0,154.0": [[419.5595457015582, 31.923485355719095]], "-4.0,155.0": [[605.0624900323127, 78.83482377417295]], "-3.0,155.0": [[750.0756967662659, 111.60214524716139]], "0.0,156.0": [[-4.1181438862234465, 60.19089725242566]], "0.0,157.0": [[-36.85072613140677, 55.87838290568925]], "0.0,-162.0": [[-49.32909796930735, 282.1878665429267]], "0.0,-161.0": [[-11.109892298547447, -173.4671612878742]], "0.0,-158.0": [[25.134653438754512, -121.92558059453518]], "0.0,-159.0": [[131.57588320987205, 73.30197606825095]], "0.0,-160.0": [[-19.60602610323964, -101.87697879189272]], "1.0,-159.0": [[252.38352507014906, 138.72129231836539]], "1.0,-158.0": [[290.66069388980156, 117.12203508059815]], "2.0,-158.0": [[446.2551983981966, 75.9793273522007]], "3.0,-158.0": [[510.4698473720073, 28.434782409561876]]}