{"1.0,140.0": [[101.20715910267283, -416.8222270592423]], "0.0,140.0": [[-51.67714851484706, 283.1742062218723]], "0.0,141.0": [[-38.18444163056722, 194.40322935122367]], "0.0,139.0": [[-211.08531617848203, 45.620206608475655]], "0.0,136.0": [[-1.040663979992501, 129.26285161915985]], "0.0,137.0": [[94.11958250114277, 157.4441408669145]], "0.0,138.0": [[178.0194857339965, -461.794568991877]], "0.0,8.0": [[-139.99979772429649, 67.78334755932747]], "0.0,9.0": [[-111.34753628460012, -245.14834440998357]], "0.0,10.0": [[-15.72184267878117, -152.50447902951692]], "0.0,12.0": [[-25.37761616228601, 88.66596951071415]], "1.0,11.0": [[-33.26333499100764, 628.3754483752659]], "1.0,13.0": [[41.76013453672245, 84.94977020126271]], "1.0,14.0": [[174.8710974226787, 416.6492134239661]], "1.0,15.0": [[-72.20266208614068, 6.941941065434776]], "1.0,16.0": [[68.31952648594475, -94.16794988891297]], "0.0,15.0": [[-202.5891486020892, -673.5482839325755]], "0.0,14.0": [[-35.59357265716387, -56.33724291033104]], "0.0,13.0": [[1.7763295974716486, -93.0159560376751]], "1.0,12.0": [[21.884949642680283, -101.1260664473923]], "1.0,17.0": [[57.30537542321734, -180.06650677094171]], "1.0,18.0": [[36.56194614260566, -97.6911410803325]], "0.0,18.0": [[207.36538552626516, 543.231980241103]], "0.0,17.0": [[-62.276737429873165, -88.26184050795405]], "0.0,16.0": [[234.93775326968924, 131.75531498072246]], "0.0,19.0": [[166.7281319268803, 481.91362352929445]], "1.0,19.0": [[-126.50644789936916, -113.31301456070264]], "1.0,20.0": [[-73.56715875607223, -399.28087608208784]], "0.0,20.0": [[-111.79996696565253, -769.9563870325505]], "1.0,24.0": [[46.856170185062716, 332.95325633514494]], "1.0,31.0": [[-94.37366452811902, 312.41064459169365]], "1.0,30.0": [[46.062916304940856, 236.9155718389777]], "1.0,29.0": [[116.0053888518936, -125.48184554145791]], "1.0,28.0": [[-186.084161177106, 1000.0]], "1.0,27.0": [[-137.26706245594733, -440.4315320584544]], "1.0,25.0": [[-60.48886899687855, 145.8990844796233]], "0.0,25.0": [[-2.3402670334667364, -152.65515416840003]], "0.0,24.0": [[-72.21596680786041, 455.615687592541]], "0.0,28.0": [[25.972711519061665, 234.7729072235154]], "0.0,30.0": [[-156.79127751212235, -48.76911637754233]], "0.0,29.0": [[377.3135891394563, 707.6854741739567]], "0.0,31.0": [[79.26425620290884, 356.2687677153349]], "0.0,26.0": [[293.22463847434386, 142.98520867993147]], "0.0,27.0": [[346.64845827571366, 809.2608707424915]], "0.0,67.0": [[-6.004780649164792, -624.8330740747292]], "0.0,66.0": [[-4.000440966223651, -585.7596489224761]], "0.0,65.0": [[15.056507655363871, -573.9565624126897]], "0.0,63.0": [[9.761251351708522, -806.5338299939526]], "0.0,64.0": [[-33.21848838895941, -552.6967601014974]], "0.0,62.0": [[28.713018907238986, -901.3783814182261]], "0.0,61.0": [[-0.3256224442928779, -807.306377084501]], "0.0,60.0": [[63.2210321731449, -855.1741629959224]], "1.0,60.0": [[182.42988532751104, 348.69211107258025]], "1.0,61.0": [[193.47015291625453, 264.41484303356333]], "1.0,62.0": [[-250.9119834547662, -642.0585807917405]], "0.0,59.0": [[-229.2955692504598, -585.7316696892099]], "0.0,57.0": [[97.07850819467478, -387.63109866914647]], "0.0,56.0": [[222.15576494855293, -371.13011421479314]], "0.0,54.0": [[-118.40620498621985, -502.455907360968]], "0.0,55.0": [[-3.2707406263290384, -518.5992043720944]], "0.0,53.0": [[-67.89825227346269, -334.80626316557505]], "0.0,52.0": [[-170.65295232631547, -674.0874783995991]], "1.0,58.0": [[132.8875755329595, 1000.0]], "1.0,59.0": [[-43.523255731375166, -525.8409324590048]], "0.0,58.0": [[-132.76933372695188, -436.5524691915539]], "1.0,26.0": [[99.1057473436744, -372.24289202990235]], "1.0,32.0": [[22.996327078799617, -219.05836042952842]], "1.0,33.0": [[5.133106784790398, -56.89517947851641]], "1.0,34.0": [[50.26986854787374, -102.11757369992824]], "1.0,22.0": [[18.797321141514445, -503.4690385546696]], "0.0,22.0": [[372.6285055654801, -1000.0]], "0.0,23.0": [[180.40141505896347, -171.15876994316181]], "1.0,9.0": [[-51.073783036752694, 387.0169282473057]], "1.0,8.0": [[-14.764467061500142, 496.0907268947494]], "1.0,10.0": [[-3.1693364920766243, 326.42148015821704]], "0.0,11.0": [[88.24618617589897, -111.7831737229551]], "0.0,7.0": [[13.811395644989732, 465.25401999056726]], "1.0,7.0": [[-21.12423354894566, 359.12873068463114]], "1.0,6.0": [[17.579729429859636, 422.4004959498586]], "0.0,4.0": [[20.32791924812266, 507.2265789140147]], "0.0,3.0": [[428.941333307953, 643.3793815153592]], "1.0,3.0": [[-75.11232635316168, -531.9219226633436]], "1.0,4.0": [[-54.22180222003692, -127.04139101515466]], "0.0,6.0": [[14.947660404488191, 429.2338248393719]], "0.0,5.0": [[6.65318713165658, -739.3041856115588]], "0.0,1.0": [[38.47539626498079, 467.1287104416706]], "1.0,1.0": [[-380.6194773695406, 1000.0]], "0.0,2.0": [[129.4968823924071, 1000.0]], "1.0,23.0": [[94.23695365941897, -484.2676360271696]], "2.0,23.0": [[123.90808398487852, 528.0980317555475]], "2.0,24.0": [[16.982438827906734, 525.5838152543504]], "2.0,25.0": [[-55.903853011702864, 369.39256167855206]], "0.0,-2.0": [[199.56645051791332, -1000.0]], "0.0,-1.0": [[63.34339440785597, -1000.0]], "1.0,-1.0": [[-152.4485120561756, -533.8155690552355]], "1.0,2.0": [[-24.504503919940746, 1000.0]], "1.0,5.0": [[-16.29004173893933, 254.28556943265335]], "0.0,-44.0": [[131.6194425114418, 590.2384181798652]], "0.0,-45.0": [[-5.064607758296348, -282.5193993162429]], "0.0,-46.0": [[-8.337361477129015, 129.65511866661927]], "1.0,-45.0": [[-99.13825305006118, -371.90099353117034]], "1.0,-44.0": [[-54.00494492135943, -437.2701698305832]], "1.0,-46.0": [[-474.8258943026054, -96.13623641303093]], "0.0,-43.0": [[263.5950843340653, 748.0474281916827]], "0.0,122.0": [[53.25897040039362, 49.855473629520475]], "0.0,123.0": [[-50.96775007228144, 13.429837150226831]], "0.0,124.0": [[18.181082103959913, 76.43835685007616]], "0.0,125.0": [[-77.17324390421531, -28.599228712437252]], "1.0,125.0": [[99.11629558124824, -57.75158124617974]], "2.0,125.0": [[213.3582709907501, -54.168679734516445]], "1.0,128.0": [[23.276280080002042, 193.31171114174595]], "1.0,127.0": [[12.615757846610176, 651.2832798315458]], "1.0,124.0": [[-121.31235015268493, 103.15849168449631]], "0.0,113.0": [[-8.03559376453994, -72.44752934042253]], "0.0,104.0": [[-7.82546454918176, -273.0624166555913]], "1.0,104.0": [[59.5274455997995, -19.056956604742936]], "0.0,97.0": [[71.12809991688596, 117.10356932974264]], "0.0,90.0": [[-40.498763125956906, -107.28942749068437]], "0.0,82.0": [[78.66445490837617, 78.29221511332207]], "1.0,82.0": [[112.77206279689833, 29.94756057006498]], "0.0,78.0": [[-64.14898769460265, 3.250492482379741]], "0.0,130.0": [[54.64538153394799, 16.900023083223914]], "0.0,129.0": [[-252.58137640180067, -497.89648778107676]], "0.0,128.0": [[3.73236480105571, -72.68388950120652]], "0.0,126.0": [[117.87600527000922, -47.72708975775686]], "1.0,126.0": [[-5.458259744126837, -50.3322689921788]], "1.0,114.0": [[78.48914705652687, -68.31708208585496]], "0.0,114.0": [[-11.902257141808759, 72.1534651689808]], "-1.0,111.0": [[-76.57101298089076, 16.340881640701355]], "0.0,111.0": [[170.49786879793848, -47.569930837426]], "1.0,110.0": [[210.96647425048693, -49.759349956673304]], "0.0,99.0": [[10.0208341307369, -52.56452460048422]], "0.0,92.0": [[77.69912705797108, -30.702351910065317]], "1.0,92.0": [[86.87171860428272, -44.096132367712926]], "1.0,91.0": [[235.02265759541908, 4.64644478813625]], "2.0,91.0": [[187.43010512830506, -48.06767301676018]], "1.0,83.0": [[8.379034108202955, -65.51961686443519]], "0.0,83.0": [[100.45888746578815, -31.95262229985474]], "0.0,79.0": [[-52.28661383954133, 147.93773197078508]], "2.0,76.0": [[-2.847272066064832, -67.90672076778037]], "1.0,72.0": [[-108.39370143569549, 197.6974255138657]], "0.0,73.0": [[-3.2819695931934345, -58.10081245482479]], "1.0,78.0": [[99.18835515997377, -13.633630553499643]], "1.0,116.0": [[61.32691211397867, 534.6023829224009]], "0.0,116.0": [[-34.84966541369132, 59.863785019274474]],