{"2.0,-179.0": [[43.11733901964621, 125.31746500545182]], "2.0,-178.0": [[-80.60691780256191, 28.824294588929433]], "2.0,-177.0": [[-84.01863878128113, 39.17537910581359]], "3.0,-176.0": [[-195.58445782499945, 141.48688372000606]], "2.0,-176.0": [[-80.41966567226267, -133.3189648634061]], "4.0,-176.0": [[149.97860320956403, 53.150316848444845]], "3.0,-175.0": [[-194.03353363264085, 99.19753333875292]], "4.0,-175.0": [[25.965208306836907, 80.42463684341783]], "2.0,-175.0": [[-184.42130353885, -372.017420160887]], "8.0,-174.0": [[1000.0, 440.6204737044277]], "2.0,-173.0": [[-71.02210193480785, 12.10720772630225]], "3.0,-173.0": [[-253.77386696774718, 13.488131602883868]], "4.0,-173.0": [[61.51368262895885, -22.288609022126593]], "5.0,-173.0": [[304.729043480152, 86.02651737956535]], "2.0,-169.0": [[-52.64936493927874, -12.384181434697439]], "2.0,-170.0": [[-76.0887831391357, -43.94749585296154]], "2.0,-171.0": [[-63.92473664361287, -24.918635949632062]], "3.0,-170.0": [[52.964603946372705, 29.954820554195294]], "3.0,-171.0": [[-398.6896756569096, 40.44906171571938]], "4.0,-171.0": [[-134.6952622160291, -9.01020715548384]], "5.0,-170.0": [[115.31505586798386, 34.46166260806649]], "16.0,4.0": [[-98.92384303416613, 246.58256461020756]], "14.0,13.0": [[-404.8658194198857, -344.2891387558973]], "14.0,12.0": [[-263.5174796393276, -420.61977211699286]], "14.0,11.0": [[-177.40913976923167, 611.3547940591957]], "14.0,10.0": [[-204.8061818002047, 358.2915231729942]], "14.0,-3.0": [[-122.73683357169674, -20.558463723858722]], "15.0,-3.0": [[-104.18227460681173, -52.917701009477014]], "15.0,-2.0": [[-330.31945728042797, -80.5401031169879]], "16.0,-2.0": [[-107.64738520496309, -43.93780160665983]], "17.0,-2.0": [[64.00803571122182, -66.34302638335043]], "11.0,92.0": [[-29.711220206305455, -109.74194360153433]], "12.0,92.0": [[81.77715612390912, -79.74335050028003]], "13.0,92.0": [[75.61065038335535, -23.22789015346416]], "13.0,91.0": [[133.731664500468, -40.38640308226604]], "14.0,91.0": [[337.18829725928504, -52.89320801506392]], "15.0,91.0": [[42.58374464014025, 71.55838440291973]], "16.0,91.0": [[120.39452145525686, 81.57106413472093]]}