{"0.0,157.0": [[-94.57269780766642, 0.7342672464574207]], "1.0,156.0": [[266.04570205715123, -62.204015862789674]], "2.0,156.0": [[390.549601922332, -17.68933142187734]], "0.0,-163.0": [[-550.2375484715453, 1000.0]], "0.0,-164.0": [[92.0452956614386, -18.331832441134566]], "1.0,-164.0": [[104.3477509192301, -92.95211007210469]], "2.0,-164.0": [[160.21980993409346, -14.670574529958458]], "0.0,-126.0": [[-57.205509625459115, -40.44788382560682]], "0.0,-127.0": [[-72.63579547564547, -74.47442221356937]], "1.0,-127.0": [[74.07964546432633, -90.15987236884371]], "2.0,-127.0": [[183.90676998461996, -40.34047014768305]], "0.0,-111.0": [[-102.14923103283557, 45.78157929780957]], "1.0,-111.0": [[-79.73081747756372, 1.482389419862784]], "2.0,-111.0": [[232.65650888100865, -100.09598095452077]], "3.0,-111.0": [[389.8823676722816, -104.27450323294352]], "4.0,-111.0": [[397.2197174872405, -57.11204952868343]], "3.0,-100.0": [[719.0924623605845, 219.93418912593654]], "0.0,-100.0": [[103.23789502685491, -68.36200038827656]], "1.0,-100.0": [[236.8339518513926, -91.10404758716584]], "0.0,-74.0": [[-85.09766636841226, -57.266611894633]], "1.0,-74.0": [[70.84374485778456, -64.09918209442367]], "0.0,-58.0": [[50.00977558981473, -91.64398117721362]], "1.0,-58.0": [[242.976272523851, -56.83865927701959]], "0.0,-31.0": [[-431.2513623911509, 648.8290412007984]], "1.0,-31.0": [[114.6486201134339, -85.67055011405955]], "0.0,-15.0": [[-103.02765946983861, -13.943043400189481]], "0.0,-16.0": [[-148.4231665939767, -51.91790576373023]], "0.0,-13.0": [[-53.7215667337997, 246.86095465366975]], "0.0,-14.0": [[-55.94125388976313, 29.718112992668466]], "0.0,14.0": [[-54.055875330982886, 19.919582120053292]], "1.0,14.0": [[63.39806044686247, 49.79200923733629]], "3.0,13.0": [[474.95547504721316, -88.3011382740051]], "0.0,6.0": [[21.738894501211693, -278.0035715814506]], "1.0,6.0": [[-130.3014187455166, -0.17042168678926828]], "1.0,5.0": [[76.05092713985373, -29.314220427295368]], "0.0,33.0": [[-107.68155452106699, 11.589804020388783]], "1.0,33.0": [[-113.66849382419497, -9.719622142966955]], "2.0,32.0": [[184.79245447404736, -62.02011646735173]], "3.0,32.0": [[167.6438828555411, -9.068508133253772]], "0.0,57.0": [[73.70174665148966, 39.2145161398787]], "1.0,57.0": [[-65.4698180278408, 23.94084460496515]], "2.0,57.0": [[-52.93293955120326, -19.136782252189732]], "3.0,57.0": [[154.19184053016144, -19.98635534741311]], "0.0,75.0": [[61.98222145773914, -34.60946622101346]], "1.0,75.0": [[-9.167530256608769, -82.47204583622647]], "0.0,86.0": [[46.03890512556032, 1000.0]], "1.0,86.0": [[-15.727537704437466, 1000.0]], "0.0,85.0": [[-23.96789868343803, -85.31574392065977]], "1.0,85.0": [[99.6986957275554, -79.33717030448406]], "2.0,85.0": [[373.0109883088033, -82.10666436718839]], "0.0,109.0": [[-119.12207489321658, 1000.0]], "0.0,108.0": [[-97.08765188117103, -5.890920645697406]], "1.0,109.0": [[87.48827400667803, 36.94362945719831]], "2.0,108.0": [[-50.43205642027226, 17.632645725143448]], "3.0,109.0": [[189.5784510122107, 59.808352747268145]], "0.0,113.0": [[-136.65263274321399, 66.57419755657656]], "0.0,112.0": [[-143.3907707485959, 2.3788309395058604]], "0.0,122.0": [[-16.11486646530857, 134.36364191653638]], "0.0,121.0": [[-244.30028250224234, -41.28261381816856]], "1.0,121.0": [[67.23403675942508, -32.37692920788504]], "0.0,144.0": [[-12.250980670015677, -71.01496916453698]], "0.0,143.0": [[-124.73390920636417, 87.99048330024561]], "0.0,-87.0": [[89.392808235908, 117.72151727411995]], "1.0,-87.0": [[37.70625772181957, -168.9150639651018]], "0.0,-72.0": [[-90.17001348381754, -133.8815524322996]], "0.0,-27.0": [[-16.49171904195451, -162.45972048736235]], "0.0,-11.0": [[-285.7500746761767, 1000.0]], "0.0,-2.0": [[147.19401049203685, -18.963628327327342]], "1.0,-3.0": [[310.51824403813345, -107.27870767001946]], "2.0,-3.0": [[480.26485048338174, -100.04684230011662]], "3.0,-3.0": [[541.5025170649296, -132.87460951752905]], "0.0,19.0": [[-83.83882788716757, 14.383490001307564]], "1.0,19.0": [[111.39352928316448, 47.515458722500625]], "0.0,18.0": [[44.51752678357276, -51.005662691665066]], "1.0,18.0": [[134.97741577815498, -47.33339187538377]], "2.0,55.0": [[471.8963331219954, 177.90935769491512]], "0.0,55.0": [[-83.48146621644173, -85.99084848600569]], "0.0,54.0": [[46.92909262872269, -142.53516728473414]], "1.0,54.0": [[205.0415314285604, -149.38244296541825]], "2.0,54.0": [[369.19681921196457, -125.26607082148189]], "4.0,54.0": [[549.9717193540785, -55.59312471939393]], "0.0,64.0": [[98.98293007423625, -38.79824006730814]], "1.0,64.0": [[-53.870389386339035, -39.71186929086912]], "2.0,75.0": [[264.9623420468432, -103.37858763176655]], "4.0,84.0": [[990.7637296868181, -127.9384657970013]], "0.0,84.0": [[34.47375414893941, 59.65649908057458]], "-1.0,84.0": [[-169.96773510431947, -0.606221545012886]], "0.0,36.0": [[-108.4073330873953, 362.0648467450849]], "1.0,36.0": [[72.52680443801918, 28.25683497954401]], "2.0,36.0": [[-70.46379986118367, -11.986493911081197]], "3.0,37.0": [[90.85822910268692, 72.73974725242738]], "0.0,90.0": [[152.06794856736923, -147.24369157596584]], "1.0,90.0": [[50.17742871854325, -184.97719588850714]], "2.0,90.0": [[145.93867517562666, -211.08144053766864]], "3.0,91.0": [[232.81466461038147, -12.577164452181933]], "3.0,90.0": [[135.3256516275514, 72.8873600783686]], "5.0,90.0": [[464.76966051477575, 66.78671939289416]], "0.0,39.0": [[-57.454233341935776, -18.747292088306722]], "1.0,39.0": [[15.57833951265275, -69.06906595565943]], "0.0,98.0": [[-98.71607415213191, -1.7373051298363862]], "1.0,98.0": [[-69.60423873100541, -40.83788335549343]], "2.0,98.0": [[24.522045712787932, -59.81866537518954]], "3.0,99.0": [[124.30923877786171, 59.56442679450902]], "4.0,99.0": [[-45.718719607529934, 63.36618510755443]], "5.0,98.0": [[82.51921718095988, -91.65582225875823]], "0.0,96.0": [[26.65829031287504, -62.39185464494312]], "0.0,91.0": [[116.07157195253819, -89.66461131927872]], "1.0,91.0": [[233.56018157987248, -115.79980243061527]], "0.0,92.0": [[152.91105718767028, -8.302485202875687]], "0.0,82.0": [[-154.09296170647, -1000.0]], "1.0,82.0": [[-107.68502206417685, -1000.0]], "2.0,82.0": [[114.08359149738145, -1000.0]], "1.0,84.0": [[53.29451187826783, -47.88000935138825]], "2.0,84.0": [[282.33612040895673, -96.77680039550296]], "3.0,84.0": [[433.87426839587164, -27.150901180448272]], "0.0,100.0": [[102.64859768118073, -19.559425985107737]], "0.0,107.0": [[38.84671639709186, -267.46310213218294]], "0.0,106.0": [[118.23156484156833, -8.761809920429187]], "1.0,106.0": [[78.00306802380386, 33.449734812506904]], "2.0,106.0": [[321.33515487688544, 20.557234404918745]], "3.0,106.0": [[445.5621109423644, -32.219361117995504]], "4.0,106.0": [[530.7870582264029, 4.152917795579469]], "0.0,118.0": [[-554.0894124634308, 1000.0]], "3.0,118.0": [[29.620711112625653, 1000.0]], "0.0,117.0": [[-103.0224251446451, -70.51635747075125]], "1.0,117.0": [[51.236462223339, -6.8621424186972035]], "0.0,126.0": [[-405.34544296891386, 1000.0]], "2.0,126.0": [[149.97252640484172, 1000.0]], "0.0,123.0": [[-80.5613685403993, 26.30145106860482]], "0.0,145.0": [[-64.20750643899747, 4.5396447264920425]], "1.0,146.0": [[80.50369704500693, 35.620393547219464]], "2.0,145.0": [[89.06784473088281, -57.94933306435723]], "0.0,158.0": [[-617.6274671210205, 1000.0]], "3.0,158.0": [[-50.61709071737397, 1000.0]], "1.0,157.0": [[-106.7021318945336, -40.770523866740405]], "2.0,157.0": [[82.79665238768507, -134.74389694260935]], "0.0,154.0": [[103.74106406860692, -1000.0]], "1.0,154.0": [[-97.51914723964083, -1000.0]], "2.0,154.0": [[-228.4347929742938, -1000.0]], "3.0,155.0": [[-119.39255241967928, -1000.0]], "0.0,155.0": [[-109.37476436302163, -1000.0]], "1.0,155.0": [[-9.450665783797607, 575.7384664785832]], "0.0,159.0": [[76.16835259846155, -102.25118693682589]], "1.0,159.0": [[43.78005453892331, 54.889943082059744]], "2.0,159.0": [[114.82925553789647, -16.56519324222927]],