{"0.0,104.0": [[-88.35712302235721, -78.7096213859968]], "0.0,105.0": [[14.39370409927291, -54.43218778373193]], "1.0,105.0": [[33.03806806023535, -73.772316191139]], "3.0,105.0": [[-60.04284111053515, -12.530790161349614]], "5.0,105.0": [[-62.13376274692717, 37.599697061466486]], "0.0,103.0": [[10.150313287210922, -117.23417703831274]], "2.0,103.0": [[-173.49533855367395, -12.601121956549832]], "3.0,104.0": [[-37.86013522780163, 64.8548513664764]], "5.0,104.0": [[53.505887683194864, 58.39908066599264]], "0.0,102.0": [[-39.98014380090853, 51.13591101246584]], "2.0,102.0": [[-92.57199855923659, 39.57594490725569]], "4.0,102.0": [[-106.50200779989083, 0.7057417035980507]], "6.0,102.0": [[302.21431884528283, 14.779936786567305]], "0.0,112.0": [[60.73109968724117, 30.151093151289388]], "2.0,112.0": [[-74.65762468674741, 28.283623018808157]], "0.0,115.0": [[-111.9913197284561, 41.954369980715]], "2.0,115.0": [[-73.8805471755768, -28.766395046488924]], "4.0,115.0": [[-204.53693221148404, 47.31535035125489]], "5.0,115.0": [[165.57134792637828, 113.58579668893753]], "0.0,117.0": [[109.49767193226928, -27.92986298265987]], "0.0,132.0": [[51.688759738732045, -54.37342930463274]], "2.0,132.0": [[316.3665821630086, -56.04175633095565]], "0.0,149.0": [[127.16814283166211, 0.9612968970600377]], "0.0,182.0": [[47.91520841067465, 550.3715311999713]], "0.0,-178.0": [[89.60940566789016, 279.2858150644406]], "0.0,-179.0": [[-84.88996367866523, -27.112329669620294]], "1.0,-179.0": [[-145.00657013519748, 23.601698160689466]], "3.0,-179.0": [[302.53491495036087, 74.4160223135566]], "0.0,179.0": [[50.08363511521244, -18.085768056550933]], "1.0,179.0": [[202.95109638279487, 52.66052026405532]], "2.0,174.0": [[-26.420764783308126, -905.595477654515]], "3.0,174.0": [[-83.11461650497831, -522.9324210330333]], "4.0,-164.0": [[-36.97975252185692, 53.89672011966695]], "0.0,-164.0": [[-108.0452283272544, -83.10309819034956]], "1.0,-164.0": [[17.340104649730513, -58.27565154004333]], "2.0,-164.0": [[-166.5786868881671, 21.95146117173863]], "6.0,-164.0": [[58.69072761104732, 80.99679457819775]], "0.0,-159.0": [[-65.1573589276635, 41.01769353559348]], "1.0,-159.0": [[46.24564185374602, -106.55790206826055]], "3.0,-159.0": [[61.92785613936724, 61.08108441611648]], "2.0,-159.0": [[50.54085831555177, -15.039770308362677]], "4.0,-159.0": [[64.8999568654891, -13.114354623155577]], "4.0,-120.0": [[1000.0, 63.44441568977288]], "0.0,-120.0": [[-91.68881892359416, -20.330822223968426]], "0.0,-105.0": [[139.28260932548707, -91.18991392145404]], "0.0,-106.0": [[40.241777837191876, -53.458156828241954]], "1.0,-106.0": [[-53.42951431068743, 8.696169046700675]], "2.0,-106.0": [[-132.41077843324288, 63.0707007058362]], "5.0,-106.0": [[3.6450302231081366, 58.73659525704511]], "7.0,-106.0": [[454.1444951468101, -147.01593696335635]], "0.0,-107.0": [[-99.6966680339989, -45.117590510272976]], "2.0,-107.0": [[-68.71371444032049, -39.41430629878084]], "4.0,-107.0": [[445.28964848331975, 32.07673851137827]], "0.0,-91.0": [[31.00918921094223, 76.23099903156572]], "0.0,-92.0": [[40.75850397048256, -74.63009342890814]]}