{"-12.0,150.0": [[796.690258433534, -431.55819445149746]], "-16.0,148.0": [[-159.67981695660072, 636.3048696478018]], "-15.0,148.0": [[79.21369487510077, 491.3230599186704]], "-14.0,148.0": [[204.3151908878187, 478.9649774612599]], "-13.0,148.0": [[-84.05465629624942, 177.9106164446489]], "-12.0,148.0": [[-156.43452612403587, 82.81890291226546]], "-13.0,154.0": [[-272.1452480845095, 191.85070081687172]], "-12.0,154.0": [[-100.26723809384563, 246.39937502172415]], "-9.0,155.0": [[132.61363722800291, 19.07471859811949]], "-12.0,155.0": [[52.766016464286025, 254.35948715050927]], "-10.0,155.0": [[189.24010169734018, 80.27171403023203]], "-11.0,155.0": [[-23.213284270749313, 60.66707006465322]], "-8.0,156.0": [[74.97541210014269, 67.54768524660903]], "-3.0,149.0": [[-116.37509931963264, -10.966649006263651]], "-4.0,148.0": [[-393.3647390634829, 63.17794595457826]], "2.0,148.0": [[1000.0, -197.86292937538974]], "-5.0,148.0": [[-623.165170406593, 131.6084731332694]], "-4.0,147.0": [[-264.1145015195829, -23.664830871894083]], "-5.0,147.0": [[-504.1574840550322, -18.782663967840563]], "-1.0,0.0": [[-105.6080826347176, -677.999288889481]], "-2.0,16.0": [[-452.77290253224356, -148.84764158682628]], "-3.0,15.0": [[-633.6232163772315, -292.46221824817553]], "1.0,15.0": [[502.7679712469608, -205.6772831300009]], "0.0,-26.0": [[-62.36811904228971, -31.474169964070597]], "0.0,-25.0": [[-27.706455589860624, 77.21888641208352]], "1.0,-25.0": [[133.99874402939926, -34.884886603606446]], "-6.0,138.0": [[-75.61299279322765, -26.787094804717526]], "-6.0,139.0": [[70.38465411769579, -13.562043666070167]], "-4.0,139.0": [[-118.01620434079751, 52.25977138354665]], "-3.0,139.0": [[185.87968180397584, 21.323360916596812]], "-1.0,-177.0": [[-907.1293756492233, 326.83740472467093]], "-1.0,-176.0": [[-288.7487734541866, 58.31164319027948]], "0.0,-176.0": [[75.92735285088678, 53.88532615543795]], "2.0,-176.0": [[-306.66292619334354, 20.818893581065367]], "4.0,-176.0": [[162.17426849729532, 8.50051034726107]], "6.0,-176.0": [[312.9889963472356, -133.00063270176565]], "6.0,-177.0": [[919.1383444672465, 72.57100547457185]], "-8.0,55.0": [[-823.3055276692696, 702.0888734030848]], "-8.0,54.0": [[-243.1702216629965, -1000.0]], "-6.0,54.0": [[386.29259082293197, -878.4636236162555]], "-6.0,50.0": [[186.5265101455247, -1000.0]], "-4.0,50.0": [[199.50036680002458, -1000.0]], "-5.0,50.0": [[294.57379155816807, -1000.0]], "-3.0,51.0": [[-37.713674366218086, -143.38728056284822]], "-3.0,50.0": [[470.4400375005111, -755.7198031273629]], "-4.0,51.0": [[-684.2826336023056, 124.21042316560715]], "-4.0,52.0": [[-619.7010439413799, 126.63512479531391]], "-1.0,52.0": [[255.86488671746065, 164.39689805909552]], "-2.0,51.0": [[-163.06248531198509, -1.5151742082650799]], "-2.0,52.0": [[-249.30315401742487, 178.8449518422226]], "0.0,52.0": [[59.642265476960745, -141.85816279132268]], "2.0,50.0": [[674.836971713134, -203.04264301677222]], "1.0,51.0": [[-130.27711446994127, -11.584711346358745]], "3.0,50.0": [[551.8128681031756, -144.70574810843573]], "6.0,49.0": [[955.6814943284189, -347.62265667950487]], "0.0,87.0": [[-196.1701707914887, -84.99449036082751]], "0.0,88.0": [[-294.9272809972841, 46.65903544099592]], "1.0,88.0": [[-386.73957243233394, -69.30542476146684]], "3.0,88.0": [[-302.33732377698084, -74.2250565817244]], "5.0,88.0": [[-395.3110707384795, 85.02430217112078]], "7.0,88.0": [[110.83609128670614, -101.45677562201172]], "7.0,87.0": [[96.25389033219722, -56.072455910964436]], "9.0,87.0": [[268.7611803179166, -146.76804531302423]], "8.0,87.0": [[341.5087386574811, -165.0790355856202]], "2.0,-23.0": [[-1.4944232427023252, 82.67533209183853]], "3.0,-23.0": [[1.0253142024545525, 115.75910689123248]], "3.0,-22.0": [[10.802250084982035, 91.67421747582694]], "4.0,-22.0": [[-161.29268890464755, 44.09232919073247]], "5.0,-22.0": [[-158.59795563393052, 90.46376285996871]], "6.0,-22.0": [[-95.49596241359649, 59.41997306760527]], "-8.0,111.0": [[-13.151543011841405, -76.70485941832794]], "-8.0,110.0": [[22.355313269381227, -61.88005597130086]], "-6.0,110.0": [[-427.1130592814547, -61.61278759651623]], "-5.0,110.0": [[58.59721509037463, 23.286102970871525]], "-3.0,110.0": [[492.62894758324904, -10.071033825624909]], "-2.0,110.0": [[-95.6645514880008, -25.25112670866747]], "-8.0,108.0": [[-358.6082821749779, -288.39606741712487]], "-9.0,108.0": [[-165.1558503032069, -132.51564382073866]], "-2.0,108.0": [[1000.0, -124.88072683743212]], "-9.0,109.0": [[-315.4271395908834, 74.22377353020693]], "2.0,181.0": [[-70.78826408474637, -1000.0]], "2.0,-180.0": [[-81.82578888935454, 17.079902266203817]], "3.0,-181.0": [[37.2940449336161, 1000.0]], "3.0,179.0": [[47.90787587410694, -80.10751667870863]], "2.0,179.0": [[-18.110296221893307, -69.53263043453717]], "0.0,25.0": [[-22.06490580609199, 76.89758168314142]], "1.0,25.0": [[94.83752372058818, -135.74161590170775], [230.61189516249993, -265.3803735164516]], "0.0,-19.0": [[25.583570640176607, 94.11857537872947]], "1.0,-18.0": [[-36.73192641275891, -303.79860712289997]], "1.0,-19.0": [[49.33032302603166, -484.69897064728684]], "0.0,-6.0": [[20.695239373217934, 96.83719161751014]], "0.0,-36.0": [[13.388635340918109, -109.37812593633112], [105.2628947182689, -242.97140704588145]], "1.0,-36.0": [[128.57341858478267, -239.5247667558067]], "2.0,-37.0": [[166.68313060871998, 61.60157047531811]], "0.0,-105.0": [[102.30217176372403, 5.569787685587357], [236.9568459991654, 36.35778920759094], [351.41331909929056, 151.7374084000059]], "1.0,-105.0": [[46.63934683874482, 258.5245319989298]], "2.0,-105.0": [[121.50870637281585, 91.46450849267751]], "0.0,-77.0": [[-96.07495359394247, -15.877073527803987]], "1.0,-77.0": [[-147.06698559145815, -54.100876887915206]], "0.0,-103.0": [[-90.87002077144768, 72.28870001993926]], "1.0,-103.0": [[138.20557383943432, -12.46462588551367]], "2.0,-103.0": [[165.4950488629452, -39.487013420185235]], "0.0,-78.0": [[-29.909415458278023, -77.66336697589793]], "2.0,-78.0": [[261.4784596724993, -96.75610420705993]], "0.0,-34.0": [[-66.99162013538066, -16.646775839433303]], "1.0,-34.0": [[-155.87905057260775, -76.35125732116421]], "3.0,-34.0": [[98.46716582659054, -7.3361553160111725]], "1.0,-37.0": [[146.36884905446846, 45.28015867816748]], "1.0,-38.0": [[36.30869314069629, -71.06844792031097]], "3.0,-37.0": [[163.21250198779236, 397.4906915385077]], "0.0,-37.0": [[-5.4421036313499345, 160.96109935693903]], "0.0,-38.0": [[-203.73881903487558, -13.646455340875718]], "0.0,-11.0": [[27.249808730158172, -51.297291493398234]], "1.0,-12.0": [[-1.055225764630796, 150.94910477498047]], "0.0,3.0": [[-24.961004366245458, -74.85658166191911]], "0.0,13.0": [[-201.16166898248312, -131.53946876684586]], "0.0,7.0": [[56.99488704427599, 42.575054128491274]], "0.0,-117.0": [[19.44102625252478, 338.3559255791653]], "1.0,-116.0": [[152.51743377892993, 58.86373308212001]], "2.0,-117.0": [[334.15406052034524, -17.543537095264128]], "1.0,-117.0": [[113.49599720214665, -104.87455098764542]], "0.0,-147.0": [[21.5606757365663, -98.81594302706276]], "0.0,-148.0": [[101.68994570963258, -112.94776505627624]], "2.0,-148.0": [[364.05790548694625, -127.66493142422064]], "3.0,-148.0": [[465.6702543092126, -102.88997470073014]], "0.0,-170.0": [[-119.76240137902772, -30.74234895015593]], "1.0,-170.0": [[-116.46797735501168, -15.749841580657176]], "3.0,-170.0": [[70.26550541641363, -25.106991466344653]], "0.0,-172.0": [[-58.44434753469346, -53.30330962004837]], "1.0,-172.0": [[54.37802149790916, -65.58537586610669]], "2.0,-172.0": [[277.5528173416224, -34.97724263763757]], "0.0,-164.0": [[11.927681493059893, -267.40208497855633]], "1.0,-164.0": [[125.301962805351, -202.53097701075262]], "2.0,-164.0": [[14.480579358404189, -112.12779208676693]], "4.0,-164.0": [[426.42963780484155, -67.71628404263197]], "0.0,174.0": [[-67.48840612379448, -35.10558093717009]], "2.0,174.0": [[198.3436314168836, -40.98977448779806]], "0.0,179.0": [[52.75326051066705, 34.257965591734774]],