{"0.0,-102.0": [[-61.5404817522571, -20.46576373317066]], "1.0,-102.0": [[-106.87054502870707, 21.38828757927058]], "3.0,-102.0": [[264.4701149328572, 55.91036964007401]], "0.0,-104.0": [[-49.828912416314154, -67.380450985425]], "1.0,-104.0": [[87.31752877655452, -84.63653403973126]], "0.0,-84.0": [[-51.495375455517355, -47.98286099803306]], "2.0,-84.0": [[-155.90339715104218, 33.42203804848509]], "4.0,-84.0": [[323.95985253823454, 34.80713401529556]], "0.0,165.0": [[-100.58072719504563, 21.211116460960966]], "1.0,165.0": [[30.3973049017523, -66.65000572360213]], "3.0,165.0": [[386.87945301580794, 37.51116391367759]], "4.0,165.0": [[145.3847710867011, -45.38776749120643]], "0.0,141.0": [[-80.24576827374852, -7.505255087835394]], "0.0,142.0": [[-131.06263989827949, 12.254197117727017]], "1.0,142.0": [[162.8897640490532, -42.01802364963214]], "2.0,141.0": [[-52.82558036341855, 19.326766828157815]], "0.0,154.0": [[-61.72712876440367, -50.87517790286711]], "2.0,154.0": [[323.7455913273839, -91.505022914248]], "2.0,153.0": [[294.99203893311244, -25.325725179982328]], "3.0,153.0": [[233.6307270261182, 3.9464343814188396]], "0.0,118.0": [[42.73899567709336, 62.53066069751867]], "1.0,118.0": [[88.79038482783486, -4.028530308403333]], "2.0,118.0": [[201.62979008703297, -29.8285229459907]], "3.0,118.0": [[131.1900671622519, -14.23569579924333]], "0.0,89.0": [[-157.56838281710594, 41.0003681353146]], "0.0,88.0": [[78.55068087172151, 36.4203140486552]], "1.0,88.0": [[-101.62791120638215, 0.61837730862635]], "0.0,90.0": [[96.27420187338697, 248.8427746641264]], "2.0,89.0": [[-121.21471354091717, -46.88865016055388]], "2.0,88.0": [[-107.38241199965293, -36.498069143704015]], "0.0,102.0": [[-138.4021716644327, -48.36159489201464]], "1.0,102.0": [[10.992020951857583, -57.768115838655376]], "2.0,101.0": [[299.98347638938384, -57.555545590219026]], "3.0,101.0": [[265.7230266453441, -53.93536371695973]], "0.0,72.0": [[-50.50625971874237, 45.23786740827518]], "1.0,72.0": [[-64.8713743767566, -51.3659025539539]], "0.0,74.0": [[-13.71090473369735, 204.17061478201504]], "0.0,59.0": [[-145.5051214536684, -205.2654083275911]], "1.0,59.0": [[264.5258385324206, -35.54767592802932]], "0.0,58.0": [[27.66349127774226, -123.10167635686753]], "1.0,58.0": [[51.74393768907154, -125.50790191500028]], "2.0,59.0": [[282.49652839295567, -10.53740454057106]], "0.0,49.0": [[-76.50096519236932, 9.95694371718514]], "1.0,49.0": [[79.55610689522497, -7.730311929407208]], "0.0,62.0": [[-146.61079479595207, -2.4843733442310167]], "1.0,62.0": [[62.285420664016435, -35.92629739375752]], "0.0,24.0": [[63.973558722512394, 37.587390563913914]], "1.0,24.0": [[41.472165818889295, -223.4042936526066]], "1.0,21.0": [[155.96273697662366, -250.44768042616283]], "1.0,20.0": [[36.24777708448157, -84.3977159542817]], "0.0,22.0": [[-47.50824233691428, -55.57762071359207]], "1.0,22.0": [[-145.80253169654455, -0.04158076097837693]], "2.0,22.0": [[209.73683023360556, -25.420526678544775]], "0.0,64.0": [[15.308743580227713, 116.85642865944601]], "0.0,23.0": [[-28.58123405178227, 75.11418801689729]], "1.0,23.0": [[-109.59781243245415, -51.29373248539082]], "3.0,24.0": [[234.97020115305656, 2.3064132044794405]], "2.0,24.0": [[295.19141313294205, -184.80334306502755]], "0.0,-91.0": [[-78.90072576742591, -16.620708440328258]], "1.0,-84.0": [[-51.0098835696704, -24.828154607746455]], "3.0,-84.0": [[296.4200170689912, 12.14097451676821]], "0.0,-68.0": [[-89.66374465539393, -152.4057319223715]], "1.0,-68.0": [[80.88616226706846, 33.521684039470756]], "2.0,-68.0": [[99.90629836209996, 10.781361753629426]], "0.0,-67.0": [[66.01128503745515, -1.7614684882119036]], "-1.0,94.0": [[-22.39385034523145, -170.32208620878464]], "-1.0,95.0": [[120.75990127003533, 51.804127765308294]], "-1.0,96.0": [[-8.11678822769224, 110.78462224941177]], "0.0,96.0": [[210.17555077604666, 49.56958010177459]], "1.0,96.0": [[251.2351720270084, 19.83280196850501]], "2.0,96.0": [[489.07234797357955, 119.51774500278134]], "3.0,96.0": [[278.98187915562687, 40.73467638920647]], "4.0,96.0": [[503.1578383277906, 111.18606526480335]], "5.0,97.0": [[491.5369220752863, 80.03845571812462]], "0.0,66.0": [[-14.124553235246557, 82.19920121916857]], "0.0,67.0": [[0.19225530866529006, 103.02021022249619]], "0.0,68.0": [[9.540244002313653, 101.27785474821849]], "0.0,70.0": [[0.8771876517273403, 275.3010525752302]], "0.0,71.0": [[-25.191990005515365, 187.222147395687]], "0.0,73.0": [[5.3369800097266, 157.82331901522184]], "0.0,75.0": [[-48.39074028795437, 193.71498321163472]], "0.0,76.0": [[-61.86248961813606, 103.2257396678915]], "0.0,77.0": [[-104.96355993071438, 201.83027574745438]], "-3.0,74.0": [[-209.9483929100807, -34.53321206501414]], "-4.0,75.0": [[-444.2590533562072, 35.89401978820206]], "-4.0,74.0": [[-384.083250735229, -33.170608100505206]], "-3.0,73.0": [[-268.5415477804063, -115.16756336322942]], "-2.0,73.0": [[-279.0271170957519, -41.942316217330244]], "-1.0,73.0": [[-211.6003632140505, -12.8391259216869]], "1.0,73.0": [[319.56061811023153, 23.901191635104624]], "2.0,73.0": [[361.6048908994427, 26.13920038811557]], "3.0,73.0": [[323.1544037290306, -19.62745415832501]], "4.0,73.0": [[719.252726214334, 24.399295903265283]], "-1.0,103.0": [[-137.0913919857763, -139.96322883537005]], "2.0,102.0": [[641.5948464083166, -169.8187942128584]], "-1.0,102.0": [[-153.7584259751184, -153.83810104958684]], "-1.0,101.0": [[-64.09473593985294, -233.45781590461456]], "-1.0,100.0": [[-48.71755107979325, -365.1262714396921]], "0.0,100.0": [[-8.200549221257736, -242.50079040939454]], "0.0,99.0": [[105.06892798558981, -212.5524440107256]], "2.0,99.0": [[470.97853739444173, -274.77498020942903]], "2.0,98.0": [[319.0666858544301, -368.678766610401]]}